backend,baseline,difference,n_pairs,pearson_length_correlation,spearman_length_correlation,diff_std,diff_iqr
statsforecast,aeon,smape_diff,652,-0.012357231679185149,0.04417682120092554,0.10982474162246443,7.461453927160022e-06
statsforecast,aeon,mase_diff,652,0.054630056153564435,0.03758475229772324,0.008456217492838586,1.4742009167567627e-06
statsforecast,aeon,mae_diff,652,-0.012168251917971025,0.05070114956530361,42.749335998938065,0.00039641458363348647
statsforecast,aeon,rmse_diff,652,-0.0005845718729339779,0.052128988369887407,73.98523695421919,0.0004553470075734367
statsforecast,aeon,relative_forecast_diff,652,-0.07377003691984878,0.3397864994022943,0.0038175762702850687,1.778873865893012e-05
