backend,baseline,comparison,n,mean_diff,median_diff,ttest_pvalue,wilcoxon_pvalue
statsforecast,aeon,sMAPE backend - baseline,652,0.0022922801719068267,4.021413104737803e-07,0.594245961275417,0.11236408257140915
statsforecast,aeon,MASE backend - baseline,652,0.00028394979081899436,4.1392971716902593e-08,0.3915331427944915,0.04783819946987819
statsforecast,aeon,MAE backend - baseline,652,0.8873284486080639,7.251405520491971e-06,0.5962901394130555,0.14931266527140497
statsforecast,aeon,RMSE backend - baseline,652,0.10184272396282333,5.721416197701501e-06,0.9719719770668196,0.4493364966987693
statsforecast,aeon,seconds backend - baseline,652,0.0637599533722676,0.010402999963844195,0.14075516320959594,8.676634332271509e-106
